{
	  "intents": [
	    {
	      "intent": "AnswerIntent",
	      "slots": [
	        {
	          "name": "Answer",
	          "type": "LIST_OF_ANSWERS"
	        }
	      ]
	    },

	        {
	      "intent": "AnswerOnlyIntent",
	      "slots": [
	        {
	          "name": "Answer",
	          "type": "LIST_OF_ANSWERS"
	        }
	      ]
	    },

	    {
	      "intent": "DontKnowIntent"
	    },
	    {
	      "intent": "AMAZON.StartOverIntent"
	    },
	    {
	      "intent": "AMAZON.RepeatIntent"
	    },
	    {
	      "intent": "AMAZON.HelpIntent"
	    },
	    {
	      "intent": "AMAZON.YesIntent"
	    },
	    {
	      "intent": "AMAZON.NoIntent"
	    },
	    {
	      "intent": "AMAZON.StopIntent"
	    },
	    {
	      "intent": "AMAZON.CancelIntent"
	    }
	  ]
	}
